"0","library(readr)"
"0","library(psych)"
"0","library(naniar)"
"0","library(corrplot)"
"0","library(e1071)"
"0","library(polycor)"
"0","library(psych)"
"0","library(lares)"
"0","library(ggcorrplot)"
"0","library(car)"
"0","library(tidyverse)"
"0","library(MASS)"
"0","library(klaR)"
"0","library(caret)"
"0","library(MASS)"
"0","library(FactoMineR)"
"0","library(factoextra)"
"0","library(missMDA)"
"0","library(ROSE)  "
"0","library(rpart)"
"0","library(randomForest)"
"0","library(gbm)"
"0","library(purrr)"
"0","library(tibble)"
"0","library(dplyr)"
"0","library(DMwR2)"
"0","library(nnet)"
"0","library(kableExtra)"
"0","library(flextable)"
"0","library(rmarkdown)"
"0","library(knitr)"
"0","library(ROSE)"
